number,category,code,language,f1_macro,f1_micro,f1_weighted,precision_macro,recall_macro,precision_micro,recall_micro,precision_weighted,recall_weighted,f1_1,precision_1,recall_1,support_1,f1_0,precision_0,recall_0,support_0,TP_1,FP_1,FN_1,TP_0,FP_0,FN_0,support_total
0,GLOBAL SUMMARY,global_summary,ALL,0.866,0.905,0.908,0.848,0.891,0.905,0.905,0.914,0.905,0.794,0.734,0.866,6401,0.939,0.962,0.916,23929,5545,2014,856,21915,856,2014,30330
0,GLOBAL SUMMARY,global_summary,EN,0.869,0.909,0.911,0.853,0.889,0.909,0.909,0.915,0.909,0.797,0.745,0.856,3069,0.941,0.96,0.923,11623,2627,899,442,10724,442,899,14692
0,GLOBAL SUMMARY,global_summary,FR,0.864,0.902,0.905,0.844,0.893,0.902,0.902,0.913,0.902,0.792,0.724,0.876,3332,0.936,0.964,0.909,12306,2918,1115,414,11191,414,1115,15638
1,Economic Frame (Primary Category),economic_frame,ALL,0.83,0.878,0.875,0.846,0.818,0.878,0.878,0.875,0.878,0.74,0.787,0.699,249,0.92,0.904,0.937,751,174,47,75,704,75,47,1000
1,Economic Frame (Primary Category),economic_frame,EN,0.847,0.892,0.89,0.866,0.833,0.892,0.892,0.889,0.892,0.764,0.819,0.717,120,0.93,0.912,0.949,372,86,19,34,353,34,19,492
1,Economic Frame (Primary Category),economic_frame,FR,0.814,0.864,0.862,0.827,0.804,0.864,0.864,0.861,0.864,0.718,0.759,0.682,129,0.911,0.895,0.926,379,88,28,41,351,41,28,508
2,Negative impacts of climate change on the economy,eco_neg_impact,ALL,0.783,0.828,0.842,0.759,0.867,0.828,0.828,0.892,0.828,0.683,0.539,0.932,44,0.882,0.979,0.802,177,41,35,3,142,3,35,221
2,Negative impacts of climate change on the economy,eco_neg_impact,EN,0.82,0.848,0.856,0.801,0.873,0.848,0.848,0.886,0.848,0.75,0.632,0.923,26,0.89,0.97,0.823,79,24,14,2,65,2,14,105
2,Negative impacts of climate change on the economy,eco_neg_impact,FR,0.741,0.81,0.833,0.717,0.865,0.81,0.81,0.903,0.81,0.607,0.447,0.944,18,0.875,0.987,0.786,98,17,21,1,77,1,21,116
3,Positive impacts of climate change on the economy,eco_pos_impact,ALL,0.684,0.873,0.9,0.643,0.861,0.873,0.873,0.948,0.873,0.44,0.297,0.846,13,0.929,0.989,0.875,208,11,26,2,182,2,26,221
3,Positive impacts of climate change on the economy,eco_pos_impact,EN,0.806,0.905,0.913,0.766,0.874,0.905,0.905,0.929,0.905,0.667,0.556,0.833,12,0.944,0.977,0.914,93,10,8,2,85,2,8,105
3,Positive impacts of climate change on the economy,eco_pos_impact,FR,0.508,0.845,0.908,0.526,0.922,0.845,0.845,0.992,0.845,0.1,0.053,1.0,1,0.915,1.0,0.843,115,1,18,0,97,0,18,116
4,Economic disadvantages of climate action,eco_cost,ALL,0.723,0.801,0.81,0.708,0.751,0.801,0.801,0.826,0.801,0.577,0.508,0.667,45,0.87,0.907,0.835,176,30,29,15,147,15,29,221
4,Economic disadvantages of climate action,eco_cost,EN,0.741,0.8,0.813,0.723,0.79,0.8,0.8,0.844,0.8,0.618,0.515,0.773,22,0.865,0.931,0.807,83,17,16,5,67,5,16,105
4,Economic disadvantages of climate action,eco_cost,FR,0.702,0.802,0.806,0.694,0.713,0.802,0.802,0.812,0.802,0.531,0.5,0.565,23,0.874,0.889,0.86,93,13,13,10,80,10,13,116
5,Economic benefits of climate action,eco_benefit,ALL,0.848,0.896,0.899,0.832,0.868,0.896,0.896,0.904,0.896,0.763,0.712,0.822,45,0.933,0.953,0.915,176,37,15,8,161,8,15,221
5,Economic benefits of climate action,eco_benefit,EN,0.885,0.924,0.928,0.854,0.933,0.924,0.924,0.939,0.924,0.818,0.72,0.947,19,0.952,0.988,0.919,86,18,7,1,79,1,7,105
5,Economic benefits of climate action,eco_benefit,FR,0.817,0.871,0.872,0.813,0.821,0.871,0.871,0.873,0.871,0.717,0.704,0.731,26,0.916,0.921,0.911,90,19,8,7,82,7,8,116
6,Carbon footprint of the economic sector,eco_footprint,ALL,0.787,0.842,0.837,0.806,0.773,0.842,0.842,0.836,0.842,0.679,0.74,0.627,59,0.895,0.871,0.92,162,37,13,22,149,22,13,221
6,Carbon footprint of the economic sector,eco_footprint,EN,0.785,0.838,0.831,0.818,0.767,0.838,0.838,0.833,0.838,0.679,0.783,0.6,30,0.892,0.854,0.933,75,18,5,12,70,12,5,105
6,Carbon footprint of the economic sector,eco_footprint,FR,0.788,0.845,0.843,0.796,0.782,0.845,0.845,0.842,0.845,0.679,0.704,0.655,29,0.898,0.888,0.908,87,19,8,10,79,10,8,116
7,Health Frame (Primary Category),health_frame,ALL,0.808,0.954,0.956,0.784,0.838,0.954,0.954,0.959,0.954,0.641,0.586,0.707,58,0.975,0.982,0.969,942,41,29,17,913,17,29,1000
7,Health Frame (Primary Category),health_frame,EN,0.8,0.947,0.947,0.8,0.8,0.947,0.947,0.947,0.947,0.629,0.629,0.629,35,0.972,0.972,0.972,457,22,13,13,444,13,13,492
7,Health Frame (Primary Category),health_frame,FR,0.817,0.961,0.964,0.767,0.897,0.961,0.961,0.971,0.961,0.655,0.543,0.826,23,0.979,0.992,0.967,485,19,16,4,469,4,16,508
8,Negative impacts of climate change on health,health_neg_impact,ALL,0.364,0.571,0.416,0.286,0.5,0.571,0.571,0.327,0.571,0.727,0.571,1.0,40,0.0,0.0,0.0,30,40,30,0,0,0,30,70
8,Negative impacts of climate change on health,health_neg_impact,EN,0.386,0.629,0.485,0.314,0.5,0.629,0.629,0.395,0.629,0.772,0.629,1.0,22,0.0,0.0,0.0,13,22,13,0,0,0,13,35
8,Negative impacts of climate change on health,health_neg_impact,FR,0.34,0.514,0.349,0.257,0.5,0.514,0.514,0.264,0.514,0.679,0.514,1.0,18,0.0,0.0,0.0,17,18,17,0,0,0,17,35
9,Health co-benefits of climate action,health_cobenefit,ALL,0.186,0.186,0.177,0.484,0.486,0.186,0.186,0.772,0.186,0.197,0.111,0.875,8,0.174,0.857,0.097,62,7,56,1,6,1,56,70
9,Health co-benefits of climate action,health_cobenefit,EN,0.252,0.257,0.301,0.482,0.472,0.257,0.257,0.771,0.257,0.188,0.107,0.75,4,0.316,0.857,0.194,31,3,25,1,6,1,25,35
9,Health co-benefits of climate action,health_cobenefit,FR,0.103,0.114,0.023,0.057,0.5,0.114,0.114,0.013,0.114,0.205,0.114,1.0,4,0.0,0.0,0.0,31,4,31,0,0,0,31,35
10,Security Frame (Primary Category),security_frame,ALL,0.782,0.945,0.952,0.728,0.884,0.945,0.945,0.964,0.945,0.593,0.465,0.816,49,0.971,0.99,0.952,951,40,46,9,905,9,46,1000
10,Security Frame (Primary Category),security_frame,EN,0.825,0.951,0.955,0.779,0.896,0.951,0.951,0.963,0.951,0.676,0.568,0.833,30,0.974,0.989,0.959,462,25,19,5,443,5,19,492
10,Security Frame (Primary Category),security_frame,FR,0.73,0.939,0.95,0.674,0.867,0.939,0.939,0.968,0.939,0.492,0.357,0.789,19,0.968,0.991,0.945,489,15,27,4,462,4,27,508
11,Presence of climate refugees,security_refugees,ALL,0.481,0.488,0.459,0.659,0.617,0.488,0.488,0.764,0.488,0.542,0.377,0.963,27,0.421,0.941,0.271,59,26,43,1,16,1,43,86
11,Presence of climate refugees,security_refugees,EN,0.476,0.545,0.468,0.656,0.563,0.545,0.545,0.663,0.545,0.667,0.513,0.952,21,0.286,0.8,0.174,23,20,19,1,4,1,19,44
11,Presence of climate refugees,security_refugees,FR,0.417,0.429,0.476,0.6,0.667,0.429,0.429,0.886,0.429,0.333,0.2,1.0,6,0.5,1.0,0.333,36,6,24,0,12,0,24,42
12,Conflict,security_conflict,ALL,0.324,0.326,0.346,0.558,0.571,0.326,0.326,0.825,0.326,0.293,0.174,0.923,13,0.356,0.941,0.219,73,12,57,1,16,1,57,86
12,Conflict,security_conflict,EN,0.358,0.364,0.398,0.545,0.564,0.364,0.364,0.793,0.364,0.3,0.182,0.857,7,0.417,0.909,0.27,37,6,27,1,10,1,27,44
12,Conflict,security_conflict,FR,0.286,0.286,0.286,0.583,0.583,0.286,0.286,0.881,0.286,0.286,0.167,1.0,6,0.286,1.0,0.167,36,6,30,0,6,0,30,42
13,Post-disaster military assistance,security_military,ALL,0.045,0.048,0.004,0.024,0.5,0.048,0.048,0.002,0.048,0.091,0.048,1.0,2,0.0,0.0,0.0,40,2,40,0,0,0,40,42
13,Post-disaster military assistance,security_military,EN,0.0,0.0,0.0,0.0,0.0,0.0,0.0,0.0,0.0,0.0,0.0,0.0,0,0.0,0.0,0.0,0,0,0,0,0,0,0,0
13,Post-disaster military assistance,security_military,FR,0.045,0.048,0.004,0.024,0.5,0.048,0.048,0.002,0.048,0.091,0.048,1.0,2,0.0,0.0,0.0,40,2,40,0,0,0,40,42
14,Disruption of military operations,security_disruption,ALL,1.0,1.0,1.0,1.0,1.0,1.0,1.0,1.0,1.0,1.0,1.0,1.0,2,1.0,1.0,1.0,40,2,0,0,40,0,0,42
14,Disruption of military operations,security_disruption,EN,0.0,0.0,0.0,0.0,0.0,0.0,0.0,0.0,0.0,0.0,0.0,0.0,0,0.0,0.0,0.0,0,0,0,0,0,0,0,0
14,Disruption of military operations,security_disruption,FR,1.0,1.0,1.0,1.0,1.0,1.0,1.0,1.0,1.0,1.0,1.0,1.0,2,1.0,1.0,1.0,40,2,0,0,40,0,0,42
15,Justice Frame (Primary Category),justice_frame,ALL,0.857,0.927,0.93,0.832,0.89,0.927,0.927,0.935,0.927,0.757,0.691,0.838,136,0.957,0.974,0.941,864,114,51,22,813,22,51,1000
15,Justice Frame (Primary Category),justice_frame,EN,0.832,0.917,0.921,0.801,0.876,0.917,0.917,0.93,0.917,0.713,0.63,0.823,62,0.951,0.973,0.93,430,51,30,11,400,11,30,492
15,Justice Frame (Primary Category),justice_frame,FR,0.88,0.937,0.939,0.862,0.901,0.937,0.937,0.941,0.937,0.797,0.75,0.851,74,0.963,0.974,0.952,434,63,21,11,413,11,21,508
16,Winners and losers of climate action,justice_winners,ALL,0.708,0.764,0.786,0.697,0.794,0.764,0.764,0.853,0.764,0.581,0.443,0.844,32,0.835,0.952,0.744,133,27,34,5,99,5,34,165
16,Winners and losers of climate action,justice_winners,EN,0.654,0.765,0.802,0.642,0.78,0.765,0.765,0.885,0.765,0.457,0.32,0.8,10,0.85,0.964,0.761,71,8,17,2,54,2,17,81
16,Winners and losers of climate action,justice_winners,FR,0.737,0.762,0.775,0.733,0.795,0.762,0.762,0.83,0.762,0.655,0.528,0.864,22,0.818,0.938,0.726,62,19,17,3,45,3,17,84
17,Differentiated responsibility,justice_responsibility,ALL,0.86,0.879,0.883,0.843,0.889,0.879,0.879,0.896,0.879,0.808,0.724,0.913,46,0.912,0.963,0.866,119,42,16,4,103,4,16,165
17,Differentiated responsibility,justice_responsibility,EN,0.9,0.926,0.927,0.888,0.915,0.926,0.926,0.93,0.926,0.85,0.81,0.895,19,0.951,0.967,0.935,62,17,4,2,58,2,4,81
17,Differentiated responsibility,justice_responsibility,FR,0.823,0.833,0.838,0.817,0.858,0.833,0.833,0.867,0.833,0.781,0.676,0.926,27,0.865,0.957,0.789,57,25,12,2,45,2,12,84
18,Unequal vulnerability to climate change,justice_vulnerability,ALL,0.845,0.885,0.888,0.827,0.868,0.885,0.885,0.895,0.885,0.765,0.705,0.838,37,0.924,0.95,0.898,128,31,13,6,115,6,13,165
18,Unequal vulnerability to climate change,justice_vulnerability,EN,0.786,0.852,0.858,0.767,0.813,0.852,0.852,0.868,0.852,0.667,0.6,0.75,16,0.905,0.934,0.877,65,12,8,4,57,4,8,81
18,Unequal vulnerability to climate change,justice_vulnerability,FR,0.894,0.917,0.918,0.879,0.913,0.917,0.917,0.923,0.917,0.844,0.792,0.905,21,0.943,0.967,0.921,63,19,5,2,58,2,5,84
19,Unequal access to climate action,justice_access,ALL,0.651,0.661,0.674,0.675,0.706,0.661,0.661,0.757,0.661,0.594,0.466,0.82,50,0.708,0.883,0.591,115,41,47,9,68,9,47,165
19,Unequal access to climate action,justice_access,EN,0.475,0.481,0.456,0.607,0.583,0.481,0.481,0.683,0.481,0.533,0.381,0.889,27,0.417,0.833,0.278,54,24,39,3,15,3,39,81
19,Unequal access to climate action,justice_access,FR,0.796,0.833,0.835,0.789,0.804,0.833,0.833,0.839,0.833,0.708,0.68,0.739,23,0.883,0.898,0.869,61,17,8,6,53,6,8,84
20,Intergenerational justice,justice_intergen,ALL,0.942,0.964,0.965,0.914,0.978,0.964,0.964,0.97,0.964,0.906,0.829,1.0,29,0.977,1.0,0.956,136,29,6,0,130,0,6,165
20,Intergenerational justice,justice_intergen,EN,0.924,0.963,0.965,0.885,0.979,0.963,0.963,0.972,0.963,0.87,0.769,1.0,10,0.978,1.0,0.958,71,10,3,0,68,0,3,81
20,Intergenerational justice,justice_intergen,FR,0.952,0.964,0.965,0.932,0.977,0.964,0.964,0.969,0.964,0.927,0.864,1.0,19,0.976,1.0,0.954,65,19,3,0,62,0,3,84
21,Political Frame (Primary Category),political_frame,ALL,0.829,0.836,0.837,0.826,0.834,0.836,0.836,0.84,0.836,0.794,0.766,0.826,384,0.864,0.886,0.843,616,317,97,67,519,67,97,1000
21,Political Frame (Primary Category),political_frame,EN,0.812,0.827,0.829,0.806,0.821,0.827,0.827,0.834,0.827,0.759,0.72,0.802,167,0.865,0.892,0.84,325,134,52,33,273,33,52,492
21,Political Frame (Primary Category),political_frame,FR,0.842,0.844,0.845,0.841,0.844,0.844,0.844,0.846,0.844,0.822,0.803,0.843,217,0.862,0.879,0.845,291,183,45,34,246,34,45,508
22,Policy action,pol_action,ALL,0.756,0.886,0.879,0.797,0.729,0.886,0.886,0.877,0.886,0.577,0.681,0.5,64,0.934,0.913,0.957,350,32,15,32,335,32,15,414
22,Policy action,pol_action,EN,0.802,0.914,0.909,0.842,0.773,0.914,0.914,0.908,0.914,0.652,0.75,0.577,26,0.951,0.934,0.969,160,15,5,11,155,11,5,186
22,Policy action,pol_action,FR,0.722,0.864,0.854,0.763,0.697,0.864,0.864,0.851,0.864,0.523,0.63,0.447,38,0.921,0.896,0.947,190,17,10,21,180,21,10,228
23,Political debate,pol_debate,ALL,0.564,0.763,0.699,0.789,0.574,0.763,0.763,0.776,0.763,0.859,0.76,0.987,302,0.269,0.818,0.161,112,298,94,4,18,4,94,414
23,Political debate,pol_debate,EN,0.469,0.694,0.595,0.681,0.526,0.694,0.694,0.686,0.694,0.814,0.694,0.984,127,0.123,0.667,0.068,59,125,55,2,4,2,55,186
23,Political debate,pol_debate,FR,0.65,0.82,0.781,0.846,0.626,0.82,0.82,0.83,0.82,0.894,0.816,0.989,175,0.406,0.875,0.264,53,173,39,2,14,2,39,228
24,Political positioning,pol_position,ALL,0.782,0.862,0.877,0.745,0.877,0.862,0.862,0.914,0.862,0.65,0.51,0.898,59,0.914,0.981,0.856,355,53,51,6,304,6,51,414
24,Political positioning,pol_position,EN,0.752,0.801,0.821,0.734,0.856,0.801,0.801,0.889,0.801,0.641,0.485,0.943,35,0.862,0.983,0.768,151,33,35,2,116,2,35,186
24,Political positioning,pol_position,FR,0.808,0.912,0.92,0.767,0.877,0.912,0.912,0.935,0.912,0.667,0.556,0.833,24,0.949,0.979,0.922,204,20,16,4,188,4,16,228
25,Public opinion data,pol_opinion,ALL,0.894,0.969,0.971,0.838,0.983,0.969,0.969,0.979,0.969,0.806,0.675,1.0,27,0.983,1.0,0.966,387,27,13,0,374,0,13,414
25,Public opinion data,pol_opinion,EN,0.877,0.962,0.966,0.816,0.98,0.962,0.962,0.976,0.962,0.774,0.632,1.0,12,0.979,1.0,0.96,174,12,7,0,167,0,7,186
25,Public opinion data,pol_opinion,FR,0.91,0.974,0.976,0.857,0.986,0.974,0.974,0.981,0.974,0.833,0.714,1.0,15,0.986,1.0,0.972,213,15,6,0,207,0,6,228
26,Scientific Frame (Primary Category),scientific_frame,ALL,0.89,0.95,0.947,0.945,0.852,0.95,0.95,0.95,0.95,0.809,0.938,0.711,149,0.971,0.952,0.992,851,106,7,43,844,43,7,1000
26,Scientific Frame (Primary Category),scientific_frame,EN,0.891,0.951,0.948,0.964,0.843,0.951,0.951,0.953,0.951,0.81,0.981,0.689,74,0.972,0.948,0.998,418,51,1,23,417,23,1,492
26,Scientific Frame (Primary Category),scientific_frame,FR,0.89,0.949,0.947,0.928,0.86,0.949,0.949,0.947,0.949,0.809,0.902,0.733,75,0.97,0.955,0.986,433,55,6,20,427,20,6,508
27,Scientific debate,sci_debate,ALL,0.911,0.912,0.912,0.911,0.912,0.912,0.912,0.912,0.912,0.906,0.889,0.923,52,0.917,0.932,0.902,61,48,6,4,55,4,6,113
27,Scientific debate,sci_debate,EN,0.962,0.962,0.962,0.962,0.962,0.962,0.962,0.962,0.962,0.962,0.962,0.962,26,0.962,0.962,0.962,26,25,1,1,25,1,1,52
27,Scientific debate,sci_debate,FR,0.867,0.869,0.869,0.865,0.871,0.869,0.869,0.872,0.869,0.852,0.821,0.885,26,0.882,0.909,0.857,35,23,5,3,30,3,5,61
28,Popularisation or scientific discovery,sci_discovery,ALL,0.838,0.841,0.842,0.835,0.845,0.841,0.841,0.848,0.841,0.859,0.902,0.821,67,0.816,0.769,0.87,46,55,6,12,40,12,6,113
28,Popularisation or scientific discovery,sci_discovery,EN,0.884,0.885,0.886,0.889,0.903,0.885,0.885,0.91,0.885,0.893,1.0,0.806,31,0.875,0.778,1.0,21,25,0,6,21,6,0,52
28,Popularisation or scientific discovery,sci_discovery,FR,0.797,0.803,0.803,0.797,0.797,0.803,0.803,0.803,0.803,0.833,0.833,0.833,36,0.76,0.76,0.76,25,30,6,6,19,6,6,61
29,Questioning of climate science,sci_skepticism,ALL,0.775,0.841,0.858,0.744,0.883,0.841,0.841,0.91,0.841,0.654,0.5,0.944,18,0.897,0.987,0.821,95,17,17,1,78,1,17,113
29,Questioning of climate science,sci_skepticism,EN,0.783,0.846,0.86,0.753,0.863,0.846,0.846,0.897,0.846,0.667,0.533,0.889,9,0.9,0.973,0.837,43,8,7,1,36,1,7,52
29,Questioning of climate science,sci_skepticism,FR,0.768,0.836,0.857,0.737,0.904,0.836,0.836,0.922,0.836,0.643,0.474,1.0,9,0.894,1.0,0.808,52,9,10,0,42,0,10,61
30,Defense of climate science,sci_defense,ALL,0.682,0.85,0.843,0.699,0.669,0.85,0.85,0.839,0.85,0.452,0.5,0.412,17,0.913,0.899,0.927,96,7,7,10,89,10,7,113
30,Defense of climate science,sci_defense,EN,0.769,0.846,0.862,0.737,0.858,0.846,0.846,0.901,0.846,0.636,0.5,0.875,8,0.902,0.974,0.841,44,7,7,1,37,1,7,52
30,Defense of climate science,sci_defense,FR,0.46,0.852,0.785,0.426,0.5,0.852,0.852,0.727,0.852,0.0,0.0,0.0,9,0.92,0.852,1.0,52,0,0,9,52,9,0,61
31,Environmental Frame (Primary Category),environmental_frame,ALL,0.871,0.967,0.969,0.833,0.92,0.967,0.967,0.972,0.967,0.759,0.675,0.867,60,0.982,0.991,0.973,940,52,25,8,915,8,25,1000
31,Environmental Frame (Primary Category),environmental_frame,EN,0.866,0.967,0.969,0.829,0.916,0.967,0.967,0.973,0.967,0.75,0.667,0.857,28,0.983,0.991,0.974,464,24,12,4,452,4,12,492
31,Environmental Frame (Primary Category),environmental_frame,FR,0.875,0.967,0.968,0.837,0.924,0.967,0.967,0.972,0.967,0.767,0.683,0.875,32,0.982,0.991,0.973,476,28,13,4,463,4,13,508
32,Loss of natural environments,env_habitat,ALL,0.721,0.753,0.73,0.844,0.729,0.753,0.753,0.83,0.753,0.816,0.689,1.0,42,0.627,1.0,0.457,35,42,19,0,16,0,19,77
32,Loss of natural environments,env_habitat,EN,0.804,0.806,0.802,0.848,0.825,0.806,0.806,0.865,0.806,0.821,0.696,1.0,16,0.788,1.0,0.65,20,16,7,0,13,0,7,36
32,Loss of natural environments,env_habitat,FR,0.573,0.707,0.637,0.842,0.6,0.707,0.707,0.8,0.707,0.813,0.684,1.0,26,0.333,1.0,0.2,15,26,12,0,3,0,12,41
33,Loss of fauna and flora,env_species,ALL,0.703,0.714,0.705,0.737,0.708,0.714,0.714,0.734,0.714,0.761,0.673,0.875,40,0.645,0.8,0.541,37,35,17,5,20,5,17,77
33,Loss of fauna and flora,env_species,EN,0.714,0.722,0.717,0.732,0.715,0.722,0.722,0.73,0.722,0.762,0.696,0.842,19,0.667,0.769,0.588,17,16,7,3,10,3,7,36
33,Loss of fauna and flora,env_species,FR,0.692,0.707,0.694,0.744,0.702,0.707,0.707,0.742,0.707,0.76,0.655,0.905,21,0.625,0.833,0.5,20,19,10,2,10,2,10,41
34,Cultural Frame (Primary Category),cultural_frame,ALL,0.708,0.901,0.921,0.658,0.875,0.901,0.901,0.956,0.901,0.471,0.326,0.846,52,0.945,0.991,0.904,948,44,91,8,857,8,91,1000
34,Cultural Frame (Primary Category),cultural_frame,EN,0.802,0.923,0.931,0.754,0.891,0.923,0.923,0.947,0.923,0.648,0.522,0.854,41,0.957,0.986,0.929,451,35,32,6,419,6,32,492
34,Cultural Frame (Primary Category),cultural_frame,FR,0.581,0.88,0.92,0.564,0.85,0.88,0.88,0.977,0.88,0.228,0.132,0.818,11,0.935,0.995,0.881,497,9,59,2,438,2,59,508
35,Artistic representation,cult_art,ALL,0.659,0.704,0.739,0.679,0.803,0.704,0.704,0.877,0.704,0.535,0.371,0.958,24,0.783,0.986,0.649,111,23,39,1,72,1,39,135
35,Artistic representation,cult_art,EN,0.834,0.851,0.858,0.821,0.898,0.851,0.851,0.904,0.851,0.783,0.643,1.0,18,0.886,1.0,0.796,49,18,10,0,39,0,10,67
35,Artistic representation,cult_art,FR,0.469,0.559,0.649,0.559,0.683,0.559,0.559,0.898,0.559,0.25,0.147,0.833,6,0.688,0.971,0.532,62,5,29,1,33,1,29,68
36,Difficulty to host cultural or sports events,cult_event_impact,ALL,0.484,0.593,0.686,0.564,0.734,0.593,0.593,0.924,0.593,0.247,0.143,0.9,10,0.721,0.986,0.568,125,9,54,1,71,1,54,135
36,Difficulty to host cultural or sports events,cult_event_impact,EN,0.631,0.731,0.777,0.634,0.793,0.731,0.731,0.895,0.731,0.438,0.292,0.875,8,0.824,0.977,0.712,59,7,17,1,42,1,17,67
36,Difficulty to host cultural or sports events,cult_event_impact,FR,0.354,0.456,0.595,0.526,0.72,0.456,0.456,0.972,0.456,0.098,0.051,1.0,2,0.611,1.0,0.439,66,2,37,0,29,0,37,68
37,Loss of indigenous practices,cult_indigenous,ALL,0.595,0.763,0.825,0.6,0.874,0.763,0.763,0.953,0.763,0.333,0.2,1.0,8,0.856,1.0,0.748,127,8,32,0,95,0,32,135
37,Loss of indigenous practices,cult_indigenous,EN,0.824,0.91,0.922,0.769,0.95,0.91,0.91,0.952,0.91,0.7,0.538,1.0,7,0.947,1.0,0.9,60,7,6,0,54,0,6,67
37,Loss of indigenous practices,cult_indigenous,FR,0.415,0.618,0.749,0.519,0.806,0.618,0.618,0.986,0.618,0.071,0.037,1.0,1,0.759,1.0,0.612,67,1,26,0,41,0,26,68
38,Carbon footprint of the cultural and sports sectors,cult_footprint,ALL,0.351,0.467,0.613,0.52,0.727,0.467,0.467,0.979,0.467,0.077,0.04,1.0,3,0.625,1.0,0.455,132,3,72,0,60,0,72,135
38,Carbon footprint of the cultural and sports sectors,cult_footprint,EN,0.702,0.925,0.945,0.643,0.962,0.925,0.925,0.979,0.925,0.444,0.286,1.0,2,0.96,1.0,0.923,65,2,5,0,60,0,5,67
38,Carbon footprint of the cultural and sports sectors,cult_footprint,FR,0.014,0.015,0.0,0.007,0.5,0.015,0.015,0.0,0.015,0.029,0.015,1.0,1,0.0,0.0,0.0,67,1,67,0,0,0,67,68
39,Presence of Messengers (Primary Category),messenger,ALL,0.961,0.963,0.963,0.96,0.962,0.963,0.963,0.963,0.963,0.97,0.974,0.966,613,0.953,0.946,0.959,387,592,16,21,371,21,16,1000
39,Presence of Messengers (Primary Category),messenger,EN,0.955,0.957,0.957,0.955,0.955,0.957,0.957,0.957,0.957,0.965,0.964,0.967,301,0.945,0.947,0.942,191,291,11,10,180,10,11,492
39,Presence of Messengers (Primary Category),messenger,FR,0.967,0.969,0.969,0.965,0.97,0.969,0.969,0.969,0.969,0.974,0.984,0.965,312,0.96,0.946,0.974,196,301,5,11,191,11,5,508
40,Health expert,msg_health,ALL,0.907,0.975,0.976,0.879,0.94,0.975,0.975,0.978,0.975,0.828,0.766,0.9,40,0.987,0.993,0.981,568,36,11,4,557,4,11,608
40,Health expert,msg_health,EN,0.862,0.964,0.966,0.828,0.907,0.964,0.964,0.969,0.964,0.744,0.667,0.842,19,0.98,0.989,0.972,283,16,8,3,275,3,8,302
40,Health expert,msg_health,FR,0.951,0.987,0.987,0.933,0.971,0.987,0.987,0.988,0.987,0.909,0.87,0.952,21,0.993,0.996,0.989,285,20,3,1,282,1,3,306
41,Economic expert,msg_economic,ALL,0.874,0.957,0.957,0.88,0.868,0.957,0.957,0.957,0.957,0.772,0.786,0.759,58,0.976,0.975,0.978,550,44,12,14,538,14,12,608
41,Economic expert,msg_economic,EN,0.847,0.954,0.949,0.929,0.796,0.954,0.954,0.952,0.954,0.72,0.9,0.6,30,0.975,0.957,0.993,272,18,2,12,270,12,2,302
41,Economic expert,msg_economic,FR,0.895,0.961,0.963,0.857,0.946,0.961,0.961,0.968,0.961,0.813,0.722,0.929,28,0.978,0.993,0.964,278,26,10,2,268,2,10,306
42,Security expert,msg_security,ALL,0.787,0.964,0.968,0.738,0.866,0.964,0.964,0.974,0.964,0.593,0.485,0.762,21,0.981,0.991,0.971,587,16,17,5,570,5,17,608
42,Security expert,msg_security,EN,0.728,0.97,0.973,0.695,0.776,0.97,0.97,0.976,0.97,0.471,0.4,0.571,7,0.985,0.99,0.98,295,4,6,3,289,3,6,302
42,Security expert,msg_security,FR,0.813,0.958,0.962,0.757,0.91,0.958,0.958,0.971,0.958,0.649,0.522,0.857,14,0.977,0.993,0.962,292,12,11,2,281,2,11,306
43,Legal expert,msg_legal,ALL,0.914,0.985,0.986,0.894,0.937,0.985,0.985,0.986,0.985,0.836,0.793,0.885,26,0.992,0.995,0.99,582,23,6,3,576,3,6,608
43,Legal expert,msg_legal,EN,0.861,0.99,0.989,0.995,0.786,0.99,0.99,0.99,0.99,0.727,1.0,0.571,7,0.995,0.99,1.0,295,4,0,3,295,3,0,302
43,Legal expert,msg_legal,FR,0.927,0.98,0.982,0.88,0.99,0.98,0.98,0.985,0.98,0.864,0.76,1.0,19,0.989,1.0,0.979,287,19,6,0,281,0,6,306
44,Cultural or Sport expert,msg_cultural,ALL,0.843,0.961,0.961,0.828,0.859,0.961,0.961,0.963,0.961,0.707,0.674,0.744,39,0.979,0.982,0.975,569,29,14,10,555,10,14,608
44,Cultural or Sport expert,msg_cultural,EN,0.853,0.954,0.954,0.853,0.853,0.954,0.954,0.954,0.954,0.731,0.731,0.731,26,0.975,0.975,0.975,276,19,7,7,269,7,7,302
44,Cultural or Sport expert,msg_cultural,FR,0.825,0.967,0.969,0.789,0.873,0.967,0.967,0.973,0.967,0.667,0.588,0.769,13,0.983,0.99,0.976,293,10,7,3,286,3,7,306
45,Natural scientist,msg_scientist,ALL,0.907,0.951,0.952,0.888,0.93,0.951,0.951,0.954,0.951,0.844,0.794,0.9,90,0.971,0.982,0.959,518,81,21,9,497,9,21,608
45,Natural scientist,msg_scientist,EN,0.92,0.96,0.96,0.92,0.92,0.96,0.96,0.96,0.96,0.864,0.864,0.864,44,0.977,0.977,0.977,258,38,6,6,252,6,6,302
45,Natural scientist,msg_scientist,FR,0.896,0.941,0.944,0.865,0.939,0.941,0.941,0.951,0.941,0.827,0.741,0.935,46,0.965,0.988,0.942,260,43,15,3,245,3,15,306
46,Social scientist,msg_social,ALL,0.944,0.985,0.986,0.922,0.969,0.985,0.985,0.986,0.985,0.897,0.848,0.951,41,0.992,0.996,0.988,567,39,7,2,560,2,7,608
46,Social scientist,msg_social,EN,0.938,0.987,0.987,0.938,0.938,0.987,0.987,0.987,0.987,0.882,0.882,0.882,17,0.993,0.993,0.993,285,15,2,2,283,2,2,302
46,Social scientist,msg_social,FR,0.948,0.984,0.984,0.914,0.991,0.984,0.984,0.986,0.984,0.906,0.828,1.0,24,0.991,1.0,0.982,282,24,5,0,277,0,5,306
47,Activist,msg_activist,ALL,0.918,0.97,0.97,0.937,0.901,0.97,0.97,0.97,0.97,0.852,0.897,0.812,64,0.984,0.978,0.989,544,52,6,12,538,12,6,608
47,Activist,msg_activist,EN,0.934,0.977,0.976,0.955,0.916,0.977,0.977,0.976,0.977,0.881,0.929,0.839,31,0.987,0.982,0.993,271,26,2,5,269,5,2,302
47,Activist,msg_activist,FR,0.903,0.964,0.963,0.921,0.887,0.964,0.964,0.963,0.964,0.825,0.867,0.788,33,0.98,0.975,0.985,273,26,4,7,269,7,4,306
48,Public official,msg_official,ALL,0.929,0.934,0.934,0.926,0.931,0.934,0.934,0.935,0.934,0.909,0.897,0.922,217,0.948,0.956,0.941,391,200,23,17,368,17,23,608
48,Public official,msg_official,EN,0.927,0.934,0.934,0.924,0.931,0.934,0.934,0.935,0.934,0.906,0.889,0.923,104,0.949,0.959,0.939,198,96,12,8,186,8,12,302
48,Public official,msg_official,FR,0.93,0.935,0.935,0.929,0.932,0.935,0.935,0.935,0.935,0.912,0.904,0.92,113,0.948,0.953,0.943,193,104,11,9,182,9,11,306
49,Presence of Events (Primary Category),event,ALL,0.897,0.9,0.9,0.9,0.895,0.9,0.9,0.9,0.9,0.879,0.899,0.861,423,0.915,0.901,0.929,577,364,41,59,536,59,41,1000
49,Presence of Events (Primary Category),event,EN,0.881,0.886,0.885,0.887,0.876,0.886,0.886,0.886,0.886,0.855,0.892,0.821,201,0.906,0.883,0.931,291,165,20,36,271,36,20,492
49,Presence of Events (Primary Category),event,FR,0.912,0.913,0.913,0.912,0.911,0.913,0.913,0.913,0.913,0.9,0.905,0.896,222,0.923,0.92,0.927,286,199,21,23,265,23,21,508
50,Extreme meteorological event,evt_weather,ALL,0.889,0.946,0.949,0.852,0.943,0.946,0.946,0.957,0.946,0.81,0.712,0.94,50,0.968,0.991,0.946,355,47,19,3,336,3,19,405
50,Extreme meteorological event,evt_weather,EN,0.887,0.935,0.938,0.861,0.919,0.935,0.935,0.943,0.935,0.812,0.743,0.897,29,0.961,0.98,0.942,156,26,9,3,147,3,9,185
50,Extreme meteorological event,evt_weather,FR,0.891,0.955,0.958,0.839,0.975,0.955,0.955,0.969,0.955,0.808,0.677,1.0,21,0.974,1.0,0.95,199,21,10,0,189,0,10,220
51,Meeting,evt_meeting,ALL,0.877,0.911,0.916,0.845,0.935,0.911,0.911,0.935,0.911,0.812,0.696,0.975,80,0.942,0.993,0.895,325,78,34,2,291,2,34,405
51,Meeting,evt_meeting,EN,0.855,0.908,0.914,0.819,0.918,0.908,0.908,0.932,0.908,0.767,0.651,0.933,30,0.943,0.986,0.903,155,28,15,2,140,2,15,185
51,Meeting,evt_meeting,FR,0.891,0.914,0.918,0.862,0.944,0.914,0.914,0.937,0.914,0.84,0.725,1.0,50,0.941,1.0,0.888,170,50,19,0,151,0,19,220
52,Publication,evt_publication,ALL,0.958,0.97,0.971,0.952,0.965,0.97,0.97,0.971,0.97,0.936,0.917,0.957,92,0.981,0.987,0.974,313,88,8,4,305,4,8,405
52,Publication,evt_publication,EN,0.95,0.973,0.973,0.956,0.944,0.973,0.973,0.973,0.973,0.915,0.931,0.9,30,0.984,0.981,0.987,155,27,2,3,153,3,2,185
52,Publication,evt_publication,FR,0.962,0.968,0.969,0.952,0.973,0.968,0.968,0.97,0.968,0.946,0.91,0.984,62,0.977,0.993,0.962,158,61,6,1,152,1,6,220
53,Election,evt_election,ALL,0.903,0.963,0.962,0.935,0.877,0.963,0.963,0.962,0.963,0.828,0.9,0.766,47,0.979,0.97,0.989,358,36,4,11,354,11,4,405
53,Election,evt_election,EN,0.911,0.962,0.96,0.957,0.877,0.962,0.962,0.962,0.962,0.844,0.95,0.76,25,0.978,0.964,0.994,160,19,1,6,159,6,1,185
53,Election,evt_election,FR,0.895,0.964,0.963,0.912,0.879,0.964,0.964,0.962,0.964,0.81,0.85,0.773,22,0.98,0.975,0.985,198,17,3,5,195,5,3,220
54,New policy,evt_policy,ALL,0.829,0.901,0.906,0.802,0.869,0.901,0.901,0.916,0.901,0.718,0.637,0.823,62,0.94,0.966,0.915,343,51,29,11,314,11,29,405
54,New policy,evt_policy,EN,0.821,0.886,0.895,0.785,0.891,0.886,0.886,0.918,0.886,0.712,0.591,0.897,29,0.929,0.979,0.885,156,26,18,3,138,3,18,185
54,New policy,evt_policy,FR,0.837,0.914,0.915,0.825,0.849,0.914,0.914,0.917,0.914,0.725,0.694,0.758,33,0.949,0.957,0.941,187,25,11,8,176,8,11,220
55,Judiciary decision,evt_judiciary,ALL,0.808,0.946,0.951,0.763,0.878,0.946,0.946,0.959,0.946,0.645,0.541,0.8,25,0.971,0.986,0.955,380,20,17,5,363,5,17,405
55,Judiciary decision,evt_judiciary,EN,0.628,0.903,0.927,0.594,0.789,0.903,0.903,0.962,0.903,0.308,0.2,0.667,6,0.948,0.988,0.911,179,4,16,2,163,2,16,185
55,Judiciary decision,evt_judiciary,FR,0.939,0.982,0.981,0.963,0.919,0.982,0.982,0.981,0.982,0.889,0.941,0.842,19,0.99,0.985,0.995,201,16,1,3,200,3,1,220
56,Cultural or Sports event,evt_cultural,ALL,0.881,0.968,0.968,0.875,0.887,0.968,0.968,0.968,0.968,0.78,0.767,0.793,29,0.983,0.984,0.981,376,23,7,6,369,6,7,405
56,Cultural or Sports event,evt_cultural,EN,0.906,0.973,0.971,0.986,0.853,0.973,0.973,0.974,0.973,0.828,1.0,0.706,17,0.985,0.971,1.0,168,12,0,5,168,5,0,185
56,Cultural or Sports event,evt_cultural,FR,0.857,0.964,0.967,0.803,0.942,0.964,0.964,0.974,0.964,0.733,0.611,0.917,12,0.98,0.995,0.966,208,11,7,1,201,1,7,220
57,Protest,evt_protest,ALL,0.943,0.983,0.983,0.949,0.937,0.983,0.983,0.983,0.983,0.896,0.909,0.882,34,0.991,0.989,0.992,371,30,3,4,368,4,3,405
57,Protest,evt_protest,EN,0.982,0.995,0.995,0.997,0.969,0.995,0.995,0.995,0.995,0.968,1.0,0.938,16,0.997,0.994,1.0,169,15,0,1,169,1,0,185
57,Protest,evt_protest,FR,0.909,0.973,0.973,0.909,0.909,0.973,0.973,0.973,0.973,0.833,0.833,0.833,18,0.985,0.985,0.985,202,15,3,3,199,3,3,220
58,Presence of Solutions (Primary Category),solution,ALL,0.9,0.926,0.926,0.901,0.899,0.926,0.926,0.926,0.926,0.85,0.853,0.846,247,0.951,0.95,0.952,753,209,36,38,717,38,36,1000
58,Presence of Solutions (Primary Category),solution,EN,0.891,0.921,0.922,0.883,0.899,0.921,0.921,0.923,0.921,0.834,0.81,0.86,114,0.948,0.957,0.939,378,98,23,16,355,16,23,492
58,Presence of Solutions (Primary Category),solution,FR,0.909,0.931,0.93,0.919,0.9,0.931,0.931,0.93,0.931,0.864,0.895,0.835,133,0.954,0.943,0.965,375,111,13,22,362,22,13,508
59,Mitigation strategy,sol_mitigation,ALL,0.839,0.861,0.864,0.829,0.853,0.861,0.861,0.869,0.861,0.899,0.926,0.873,173,0.779,0.732,0.833,72,151,12,22,60,22,12,245
59,Mitigation strategy,sol_mitigation,EN,0.872,0.884,0.882,0.888,0.863,0.884,0.884,0.885,0.884,0.911,0.878,0.947,76,0.833,0.897,0.778,45,72,10,4,35,4,10,121
59,Mitigation strategy,sol_mitigation,FR,0.801,0.839,0.85,0.778,0.87,0.839,0.839,0.89,0.839,0.888,0.975,0.814,97,0.714,0.581,0.926,27,79,2,18,25,18,2,124
60,Adaptation strategy,sol_adaptation,ALL,0.895,0.943,0.944,0.881,0.912,0.943,0.943,0.946,0.943,0.825,0.786,0.868,38,0.966,0.975,0.957,207,33,9,5,198,5,9,245
60,Adaptation strategy,sol_adaptation,EN,0.889,0.934,0.934,0.889,0.889,0.934,0.934,0.934,0.934,0.818,0.818,0.818,22,0.96,0.96,0.96,99,18,4,4,95,4,4,121
60,Adaptation strategy,sol_adaptation,FR,0.903,0.952,0.954,0.87,0.946,0.952,0.952,0.959,0.952,0.833,0.75,0.938,16,0.972,0.99,0.954,108,15,5,1,103,1,5,124
61,Emotion: positive,tone_positive,ALL,0.702,0.897,0.907,0.672,0.754,0.897,0.897,0.921,0.897,0.461,0.379,0.587,75,0.943,0.965,0.922,925,44,72,31,853,31,72,1000
61,Emotion: positive,tone_positive,EN,0.712,0.902,0.91,0.685,0.754,0.902,0.902,0.921,0.902,0.478,0.407,0.579,38,0.946,0.963,0.93,454,22,32,16,422,16,32,492
61,Emotion: positive,tone_positive,FR,0.692,0.892,0.904,0.661,0.755,0.892,0.892,0.922,0.892,0.444,0.355,0.595,37,0.94,0.966,0.915,471,22,40,15,431,15,40,508
62,Emotion: negative,tone_negative,ALL,0.799,0.81,0.816,0.794,0.836,0.81,0.81,0.851,0.81,0.751,0.641,0.908,316,0.846,0.947,0.765,684,287,161,29,523,29,161,1000
62,Emotion: negative,tone_negative,EN,0.793,0.807,0.814,0.786,0.829,0.807,0.807,0.845,0.807,0.738,0.632,0.887,151,0.847,0.939,0.771,341,134,78,17,263,17,78,492
62,Emotion: negative,tone_negative,FR,0.804,0.813,0.819,0.802,0.843,0.813,0.813,0.856,0.813,0.763,0.648,0.927,165,0.846,0.956,0.758,343,153,83,12,260,12,83,508
63,Emotion: neutral,tone_neutral,ALL,0.777,0.787,0.787,0.778,0.776,0.787,0.787,0.786,0.787,0.824,0.819,0.829,601,0.731,0.737,0.724,399,498,110,103,289,103,110,1000
63,Emotion: neutral,tone_neutral,EN,0.756,0.764,0.765,0.755,0.759,0.764,0.764,0.767,0.764,0.8,0.814,0.786,295,0.713,0.696,0.731,197,232,53,63,144,63,53,492
63,Emotion: neutral,tone_neutral,FR,0.798,0.809,0.807,0.804,0.794,0.809,0.809,0.808,0.809,0.846,0.824,0.869,306,0.749,0.784,0.718,202,266,57,40,145,40,57,508
64,Mention of Canada,canada,ALL,0.982,0.982,0.982,0.982,0.982,0.982,0.982,0.982,0.982,0.981,0.994,0.969,490,0.983,0.971,0.994,510,475,3,15,507,15,3,1000
64,Mention of Canada,canada,EN,0.986,0.986,0.986,0.986,0.985,0.986,0.986,0.986,0.986,0.985,0.991,0.979,235,0.986,0.981,0.992,257,230,2,5,255,5,2,492
64,Mention of Canada,canada,FR,0.978,0.978,0.978,0.979,0.978,0.978,0.978,0.979,0.978,0.978,0.996,0.961,255,0.979,0.962,0.996,253,245,1,10,252,10,1,508
65,Urgency to act,urgency,ALL,0.853,0.97,0.972,0.82,0.895,0.97,0.97,0.974,0.97,0.722,0.65,0.812,48,0.984,0.99,0.978,952,39,21,9,931,9,21,1000
65,Urgency to act,urgency,EN,0.874,0.976,0.977,0.848,0.905,0.976,0.976,0.978,0.976,0.76,0.704,0.826,23,0.987,0.991,0.983,469,19,8,4,461,4,8,492
65,Urgency to act,urgency,FR,0.835,0.965,0.967,0.798,0.887,0.965,0.965,0.971,0.965,0.69,0.606,0.8,25,0.981,0.989,0.973,483,20,13,5,470,5,13,508
